"Country";"Basecode";"x1_missingdata_h";"x2_missingdata_f";"x3_n_positive_h";"x4_n_negative_h";"x5_n_positive_f";"x6_n_negative_f";"x7_consecutive_zeros_h";"x8_consecutive_zeros_f";"x9_beginning_zero_h";"x10_end_zero_h";"x11_beginning_zero_f";"x12_end_zero_f";"Y_LifeCicle"
"AA";"AA0007";0;0;0;0;0;0;100;100;1;1;1;1;"PHASE OUT"
"AA";"AA0008";0;0;0;0;0;0;100;100;1;1;1;1;"PHASE OUT"
"AA";"AA0009";0;0;0;0;0;0;100;100;1;1;1;1;"PHASE OUT"
"AA";"AA0012";0;0;0;0;0;0;100;100;1;1;1;1;"PHASE OUT"
"AA";"AA0014";0;0;0;0;0;0;100;100;1;1;1;1;"PHASE OUT"
"AA";"AA0015";0;0;0;0;0;0;100;100;1;1;1;1;"PHASE OUT"
"AA";"AA0016";0;0;0;0;0;0;100;100;1;1;1;1;"PHASE OUT"
"AA";"AA0017";0;0;0;0;0;0;100;100;1;1;1;1;"PHASE OUT"
"AA";"AA0019";0;0;0;0;0;0;100;100;1;1;1;1;"REGULAR"
"AA";"AA0020";0;0;0;0;0;0;100;100;1;1;1;1;"PHASE OUT"
"AA";"AA0022";0;0;0;0;0;0;100;100;1;1;1;1;"REGULAR"
"AA";"AA0030";0;0;0;0;0;0;100;100;1;1;1;1;"PHASE OUT"
"AA";"AA0033";100;100;0;1;0;0;96,6666666666667;100;0;1;1;1;"DELISTED"
"AA";"AA0035";0;0;1;0;0;0;96,6666666666667;100;0;1;1;1;"PHASE OUT"
"AA";"AA0037";0;0;0;0;0;0;100;100;1;1;1;1;"PHASE OUT"
"AA";"AA0038";0;0;0;0;0;0;100;100;1;1;1;1;"PHASE OUT"
"AA";"AA0039";0;0;0;0;0;0;100;100;1;1;1;1;"PHASE OUT"
"AA";"AA0040";0;0;0;0;0;0;100;100;1;1;1;1;"PHASE OUT"
"AA";"AA0041";0;0;0;0;0;0;100;100;1;1;1;1;"PHASE OUT"
"AA";"AA0056";0;0;0;0;0;0;100;100;1;1;1;1;"PHASE OUT"
"AA";"AA0058";0;0;0;0;0;0;100;100;1;1;1;1;"PHASE OUT"
"AA";"AA0066";0;0;0;0;0;0;100;100;1;1;1;1;"PHASE OUT"
"AA";"AA0070";0;0;0;0;0;0;100;100;1;1;1;1;"PHASE OUT"
"AA";"AA0071";0;0;0;0;0;0;100;100;1;1;1;1;"PHASE OUT"
"AA";"AA0072";0;0;0;0;0;0;100;100;1;1;1;1;"PHASE OUT"
"AA";"AA0074";3,33333333333333;83,3333333333333;1;1;0;1;93,3333333333333;83,3333333333333;1;1;1;1;"PHASE OUT"
"AA";"AA0076";0;0;1;0;0;0;96,6666666666667;100;0;1;1;1;"PHASE OUT"
"AA";"AA0077";0;0;0;0;0;0;100;100;1;1;1;1;"PHASE OUT"
"AA";"AA0079";0;0;0;0;0;0;100;100;1;1;1;1;"PHASE OUT"
"AA";"AA0080";0;0;0;0;0;0;100;100;1;1;1;1;"PHASE OUT"
"AA";"AA0085";0;0;0;0;0;0;100;100;1;1;1;1;"PHASE OUT"
"AA";"AA0086";0;0;0;0;0;0;100;100;1;1;1;1;"PHASE OUT"
"AA";"AA0087";0;0;0;0;0;0;100;100;1;1;1;1;"PHASE OUT"
"AA";"AA0094";0;0;0;0;0;0;100;100;1;1;1;1;"PHASE OUT"
"AA";"AA0095";100;100;0;1;0;0;96,6666666666667;100;0;1;1;1;"DELISTED"
"AA";"AA0100";10;100;3;2;0;1;83,3333333333333;83,3333333333333;0;1;0;1;"REGULAR"
"AA";"AA0101";0;0;1;0;0;0;96,6666666666667;100;0;1;1;1;"PHASE OUT"
"AA";"AA0102";0;0;0;0;0;0;100;100;1;1;1;1;"PHASE OUT"
"AA";"AA0105";0;0;0;0;0;0;100;100;1;1;1;1;"PHASE OUT"
"AA";"AA0106";0;0;0;0;0;0;100;100;1;1;1;1;"PHASE OUT"
"AA";"AA0107";0;0;0;0;0;0;100;100;1;1;1;1;"PHASE OUT"
"AA";"AA0108";0;0;0;0;0;0;100;100;1;1;1;1;"PHASE OUT"
"AA";"AA0109";0;0;0;0;0;0;100;100;1;1;1;1;"PHASE OUT"
"AA";"AA0116";100;100;0;1;0;0;96,6666666666667;100;0;1;1;1;"DELISTED"
"AA";"AA0118";0;0;1;0;0;0;96,6666666666667;100;0;1;1;1;"PHASE OUT"
"AA";"AA0119";0;0;0;0;0;0;100;100;1;1;1;1;"PHASE OUT"
"AA";"AA0120";0;0;0;0;0;0;100;100;1;1;1;1;"PHASE OUT"
"AA";"AA0123";100;100;0;1;0;0;96,6666666666667;100;0;1;1;1;"DELISTED"
"AA";"AA0124";80;100;1;1;0;0;93,3333333333333;100;0;1;1;1;"DELISTED"
"AA";"AA0125";0;0;1;0;0;0;96,6666666666667;100;0;1;1;1;"PHASE OUT"
"AA";"AA0126";50;0;1;1;0;0;93,3333333333333;100;1;1;1;1;"NPD"
"AA";"AA0128";0;0;0;0;0;0;100;100;1;1;1;1;"PHASE OUT"
"AA";"AA0129";0;0;0;0;0;0;100;100;1;1;1;1;"PHASE OUT"
"AA";"AA0130";6,66666666666667;0;1;1;0;0;93,3333333333333;100;1;1;1;1;"PHASE OUT"
"AA";"AA0132";100;100;0;1;0;0;96,6666666666667;100;0;1;1;1;"DELISTED"
"AA";"AA0135";0;0;1;0;0;0;96,6666666666667;100;0;1;1;1;"PHASE OUT"
"AA";"AA0136";0;0;0;0;0;0;100;100;1;1;1;1;"PHASE OUT"
"AA";"AA0138";0;0;0;0;0;0;100;100;1;1;1;1;"PHASE OUT"
"AA";"AA0139";0;0;0;0;0;0;100;100;1;1;1;1;"PHASE OUT"
"AA";"AA0143";0;0;0;0;0;0;100;100;1;1;1;1;"PHASE OUT"
"AA";"AA0146";0;0;0;0;0;0;100;100;1;1;1;1;"PHASE OUT"
"AA";"AA0148";0;0;0;0;0;0;100;100;1;1;1;1;"PHASE OUT"
"AA";"AA0149";0;0;0;0;0;0;100;100;1;1;1;1;"PHASE OUT"
"AA";"AA0150";0;0;0;0;0;0;100;100;1;1;1;1;"REGULAR"
"AA";"AA0151";0;0;0;0;0;0;100;100;1;1;1;1;"REGULAR"
"AA";"AA0152";0;0;0;0;0;0;100;100;1;1;1;1;"REGULAR"
"AA";"AA0153";0;0;0;0;0;0;100;100;1;1;1;1;"REGULAR"
"AA";"AA0158";0;0;0;0;0;0;100;100;1;1;1;1;"REGULAR"
"AA";"AA0159";0;0;0;0;0;0;100;100;1;1;1;1;"PHASE OUT"
"AA";"AA0160";3,33333333333333;0;1;1;0;0;93,3333333333333;100;0;1;1;1;"REGULAR"
"AA";"AA0161";0;0;0;0;0;0;100;100;1;1;1;1;"PHASE OUT"
"AA";"AA0162";0;0;0;0;0;0;100;100;1;1;1;1;"PHASE OUT"
"AA";"AA0191";100;100;0;1;0;0;96,6666666666667;100;0;1;1;1;"DELISTED"
"AA";"AA0192";23,3333333333333;100;1;1;0;0;93,3333333333333;100;0;1;1;1;"DELISTED"
"AA";"AA0202";30;100;2;2;0;0;86,6666666666667;100;0;1;1;1;"DELISTED"
"AA";"AA0206";0;0;1;0;0;0;96,6666666666667;100;0;1;1;1;"REGULAR"
"AA";"AA0208";0;0;0;0;0;0;100;100;1;1;1;1;"REGULAR"
"AA";"AA0214";0;0;0;0;0;0;100;100;1;1;1;1;"PHASE OUT"
"AA";"AA0221";0;0;0;0;0;0;100;100;1;1;1;1;"REGULAR"
"AA";"AA0223";0;0;0;0;0;0;100;100;1;1;1;1;"PHASE OUT"
"AA";"AA0224";0;0;0;0;0;0;100;100;1;1;1;1;"PHASE OUT"
"AA";"AA0229";0;0;0;0;0;0;100;100;1;1;1;1;"REGULAR"
"AA";"AA0230";0;0;0;0;0;0;100;100;1;1;1;1;"REGULAR"
"AA";"AA0243";100;100;0;1;0;0;96,6666666666667;100;0;1;1;1;"DELISTED"
"AA";"AA0248";83,3333333333333;100;1;1;0;0;93,3333333333333;100;0;1;1;1;"DELISTED"
"AA";"AA0249";76,6666666666667;100;1;1;0;0;93,3333333333333;100;1;1;1;1;"DELISTED"
"AA";"AA0252";100;100;0;0;0;0;100;100;1;1;1;1;"DELISTED"
"AA";"AA0259";100;100;0;0;0;0;100;100;1;1;1;1;"DELISTED"
"AA";"AA0260";0;0;1;0;0;0;96,6666666666667;100;0;1;1;1;"PHASE OUT"
"AA";"AA0261";100;100;0;1;0;0;96,6666666666667;100;0;1;1;1;"DELISTED"
"AA";"AA0262";63,3333333333333;66,6666666666667;2;2;1;1;86,6666666666667;66,6666666666667;1;1;1;1;"IN & OUT"
"AA";"AA0271";0;0;1;0;0;0;96,6666666666667;100;0;1;1;1;"PHASE OUT"
"AA";"AA0272";0;0;0;0;0;0;100;100;1;1;1;1;"PHASE OUT"
"AA";"AA0273";0;0;0;0;0;0;100;100;1;1;1;1;"PHASE OUT"
"AA";"AA0274";0;0;0;0;0;0;100;100;1;1;1;1;"PHASE OUT"
"AA";"AA0275";0;0;0;0;0;0;100;100;1;1;1;1;"PHASE OUT"
"AA";"AA0276";0;0;0;0;0;0;100;100;1;1;1;1;"PHASE OUT"
"AA";"AA0277";0;0;0;0;0;0;100;100;1;1;1;1;"PHASE OUT"
"AA";"AA0278";0;0;0;0;0;0;100;100;1;1;1;1;"PHASE OUT"
"AA";"AA0279";0;0;0;0;0;0;100;100;1;1;1;1;"PHASE OUT"
"AA";"AA0280";6,66666666666667;0;1;1;0;0;93,3333333333333;100;1;1;1;1;"PHASE OUT"
"AA";"AA0281";100;83,3333333333333;0;1;1;0;96,6666666666667;100;0;1;1;0;"DELISTED"
"AA";"AA0282";0;0;0;0;0;0;100;100;1;1;1;1;"REGULAR"
"AA";"AA0283";0;0;0;0;0;0;100;100;1;1;1;1;"PHASE OUT"
"AA";"AA0284";0;0;0;0;0;0;100;100;1;1;1;1;"PHASE OUT"
"AA";"AA0285";0;0;0;0;0;0;100;100;1;1;1;1;"REGULAR"
"AA";"AA0287";0;0;0;0;0;0;100;100;1;1;1;1;"PHASE OUT"
"AA";"AA0288";0;0;0;0;0;0;100;100;1;1;1;1;"PHASE OUT"
"AA";"AA0290";0;0;0;0;0;0;100;100;1;1;1;1;"PHASE OUT"
"AA";"AA0291";0;0;0;0;0;0;100;100;1;1;1;1;"PHASE OUT"
"AA";"AA0293";0;0;0;0;0;0;100;100;1;1;1;1;"REGULAR"
"AA";"AA0300";0;0;0;0;0;0;100;100;1;1;1;1;"PHASE OUT"
"AA";"AA0301";0;0;0;0;0;0;100;100;1;1;1;1;"PHASE OUT"
"AA";"AA0307";0;0;0;0;0;0;100;100;1;1;1;1;"REGULAR"
"AA";"AA0312";26,6666666666667;50;1;2;1;0;90;83,3333333333333;1;1;1;1;"IN & OUT"
"AA";"AA0315";20;100;4;4;0;1;73,3333333333333;83,3333333333333;1;1;0;1;"IN & OUT"
"AA";"AA0326";13,3333333333333;33,3333333333333;3;2;1;1;83,3333333333333;66,6666666666667;0;1;0;1;"IN & OUT"
"AA";"AA0328";33,3333333333333;33,3333333333333;3;3;1;1;80;66,6666666666667;1;1;0;1;"PHASE OUT"
"AA";"AA0332";6,66666666666667;0;1;1;0;0;93,3333333333333;100;1;1;1;1;"REGULAR"
"AA";"AA0333";0;0;0;0;0;0;100;100;1;1;1;1;"PHASE OUT"
"AA";"AA0334";3,33333333333333;0;1;1;0;0;93,3333333333333;100;1;1;1;1;"REGULAR"
"AA";"AA0338";3,33333333333333;0;1;1;0;0;93,3333333333333;100;1;1;1;1;"REGULAR"
"AA";"AA0340";0;100;0;0;0;1;100;83,3333333333333;1;1;0;1;"PHASE OUT"
"AA";"AA0341";3,33333333333333;0;2;1;0;0;90;100;0;1;1;1;"REGULAR"
"AA";"AA0351";70;0;1;1;0;0;93,3333333333333;100;1;1;1;1;"DELISTED"
"AA";"AA0352";3,33333333333333;0;1;1;0;0;93,3333333333333;100;1;1;1;1;"REGULAR"
"AA";"AA0364";0;0;0;0;0;0;100;100;1;1;1;1;"PHASE OUT"
"AA";"AA0369";86,6666666666667;83,3333333333333;2;3;1;1;83,3333333333333;66,6666666666667;0;1;1;1;"DELISTED"
"AA";"AA0370";0;0;1;0;0;0;96,6666666666667;100;0;1;1;1;"REGULAR"
"AA";"AA0372";3,33333333333333;0;0;1;1;0;100;83,3333333333333;1;0;0;1;"REGULAR"
"AA";"AA0373";100;100;0;1;0;0;96,6666666666667;100;0;1;1;1;"DELISTED"
"AA";"AA0380";30;0;3;2;0;0;83,3333333333333;100;1;1;1;1;"REGULAR"
"AA";"AA0382";100;100;0;1;0;0;96,6666666666667;100;0;1;1;1;"DELISTED"
"AA";"AA0384";0;0;1;0;0;0;96,6666666666667;100;0;1;1;1;"REGULAR"
"AA";"AA0387";26,6666666666667;16,6666666666667;3;3;1;1;83,3333333333333;66,6666666666667;1;0;1;1;"REGULAR"
"AA";"AA0395";0;0;0;0;0;0;100;100;1;1;1;1;"REGULAR"
"AA";"AA0401";46,6666666666667;100;4;5;0;0;70;100;1;1;1;1;"DELISTED"
"AA";"AA0404";0;0;1;0;0;0;96,6666666666667;100;0;1;1;1;"REGULAR"
"AA";"AA0412";0;0;0;0;0;0;100;100;1;1;1;1;"PHASE OUT"
"AA";"AA0420";0;0;0;0;0;0;100;100;1;1;1;1;"REGULAR"
"AA";"AA0422";0;0;0;0;0;0;100;100;1;1;1;1;"PHASE OUT"
"AA";"AA0426";0;0;0;0;0;0;100;100;1;1;1;1;"PHASE OUT"
"AA";"AA0435";6,66666666666667;0;2;2;0;0;86,6666666666667;100;1;1;1;1;"REGULAR"
"AA";"AA0436";0;0;0;0;0;0;100;100;1;1;1;1;"REGULAR"
"AA";"AA0437";100;100;0;1;0;0;96,6666666666667;100;0;1;1;1;"DELISTED"
"AA";"AA0441";100;100;0;0;0;0;100;100;1;1;1;1;"DELISTED"
"AA";"AA0443";3,33333333333333;0;2;1;0;0;90;100;0;1;1;1;"REGULAR"
"AA";"AA0448";100;100;0;1;0;0;96,6666666666667;100;0;1;1;1;"DELISTED"
"AA";"AA0451";0;0;1;0;0;0;96,6666666666667;100;0;1;1;1;"REGULAR"
"AA";"AA0463";10;0;2;2;0;0;86,6666666666667;100;1;1;1;1;"REGULAR"
"AA";"AA0464";3,33333333333333;0;1;1;0;0;93,3333333333333;100;1;1;1;1;"REGULAR"
"AA";"AA0465";100;100;0;1;0;0;96,6666666666667;100;0;1;1;1;"DELISTED"
"AA";"AA0466";3,33333333333333;0;2;1;0;0;90;100;0;1;1;1;"REGULAR"
"AA";"AA0470";100;100;0;1;0;0;96,6666666666667;100;0;1;1;1;"DELISTED"
"AA";"AA0482";0;0;1;0;0;0;96,6666666666667;100;0;1;1;1;"PHASE OUT"
"AA";"AA0483";0;0;0;0;0;0;100;100;1;1;1;1;"PHASE OUT"
"AA";"AA0484";0;0;0;0;0;0;100;100;1;1;1;1;"PHASE OUT"
"AA";"AA0489";0;0;0;0;0;0;100;100;1;1;1;1;"REGULAR"
"AA";"AA0490";0;0;0;0;0;0;100;100;1;1;1;1;"REGULAR"
"AA";"AA0496";0;0;0;0;0;0;100;100;1;1;1;1;"PHASE OUT"
"AA";"AA0498";0;66,6666666666667;0;0;0;1;100;83,3333333333333;1;1;1;1;"REGULAR"
"AA";"AA0500";3,33333333333333;0;2;1;0;0;90;100;0;1;1;1;"REGULAR"
"AA";"AA0503";0;0;0;0;0;0;100;100;1;1;1;1;"REGULAR"
"AA";"AA0504";0;0;0;0;0;0;100;100;1;1;1;1;"REGULAR"
"AA";"AA0514";0;0;0;0;0;0;100;100;1;1;1;1;"REGULAR"
"AA";"AA0516";70;100;1;2;0;0;90;100;0;1;1;1;"DELISTED"
"AA";"AA0519";100;100;0;0;0;0;100;100;1;1;1;1;"DELISTED"
"AA";"AA0524";100;100;0;0;0;0;100;100;1;1;1;1;"DELISTED"
"AA";"AA0527";56,6666666666667;100;4;3;0;1;76,6666666666667;83,3333333333333;1;1;0;1;"DELISTED"
"AA";"AA0532";56,6666666666667;100;4;3;0;1;76,6666666666667;83,3333333333333;1;1;0;1;"DELISTED"
"AA";"AA0537";0;100;1;0;0;1;96,6666666666667;83,3333333333333;0;1;0;1;"PHASE OUT"
"AA";"AA0538";30;100;1;1;0;0;93,3333333333333;100;0;1;1;1;"DELISTED"
"AA";"AA0539";33,3333333333333;100;1;1;0;0;93,3333333333333;100;0;1;1;1;"DELISTED"
"AA";"AA0544";0;0;1;0;0;0;96,6666666666667;100;0;1;1;1;"PHASE OUT"
"AA";"AA0558";23,3333333333333;100;2;3;0;0;83,3333333333333;100;1;1;1;1;"DELISTED"
"AA";"AA1005";53,3333333333333;0;1;0;0;0;96,6666666666667;100;1;1;1;1;"REGULAR"
"AA";"AA1007";60;0;2;2;0;0;86,6666666666667;100;0;1;1;1;"NPD"
"AA";"AA2001";6,66666666666667;0;1;1;0;0;93,3333333333333;100;0;1;1;1;"PHASE OUT"
"AA";"AA2003";0;0;0;0;0;0;100;100;1;1;1;1;"PHASE OUT"
"AA";"AA2004";26,6666666666667;0;1;1;0;0;93,3333333333333;100;0;1;1;1;"REGULAR"
"AA";"AA2005";63,3333333333333;33,3333333333333;1;2;1;0;90;83,3333333333333;0;1;1;1;"DELISTED"
"AA";"AA2006";36,6666666666667;0;1;1;0;0;93,3333333333333;100;0;1;1;1;"PHASE OUT"
"AA";"AA2007";36,6666666666667;0;1;1;0;0;93,3333333333333;100;0;1;1;1;"PHASE OUT"
"AA";"AA2008";40;0;1;1;0;0;93,3333333333333;100;0;1;1;1;"PHASE OUT"
"AA";"AA2009";40;0;1;1;0;0;93,3333333333333;100;0;1;1;1;"PHASE OUT"
"AA";"AA2013";60;0;1;1;0;0;93,3333333333333;100;0;1;1;1;"PHASE OUT"
"AA";"AA2015";66,6666666666667;0;1;1;0;0;93,3333333333333;100;0;1;1;1;"NPD"
"AA";"AA2016";73,3333333333333;0;1;1;0;0;93,3333333333333;100;0;1;1;1;"NPD"
"AA";"AA2017";73,3333333333333;0;1;1;0;0;93,3333333333333;100;0;1;1;1;"NPD"
"AA";"AA2018";86,6666666666667;0;1;1;0;0;93,3333333333333;100;0;1;1;1;"NPD PHASE IN"
"AA";"AA2020";76,6666666666667;0;1;1;0;0;93,3333333333333;100;0;1;1;1;"NPD"
"AA";"AA2021";76,6666666666667;0;1;1;0;0;93,3333333333333;100;0;1;1;1;"NPD"
"AA";"AA2022";76,6666666666667;0;1;1;0;0;93,3333333333333;100;0;1;1;1;"NPD"
"AA";"AA2023";86,6666666666667;0;1;1;0;0;93,3333333333333;100;0;1;1;1;"NPD"
"AA";"AA2025";86,6666666666667;0;1;1;0;0;93,3333333333333;100;0;1;1;1;"NPD"
"AA";"AA3000";26,6666666666667;0;1;1;0;0;93,3333333333333;100;0;1;1;1;"IN & OUT"
"AA";"AA3002";83,3333333333333;83,3333333333333;3;4;1;1;76,6666666666667;66,6666666666667;0;1;1;1;"DELISTED"
"AA";"AA3006";90;66,6666666666667;1;1;1;1;93,3333333333333;66,6666666666667;1;1;1;1;"IN & OUT"
"AA";"AA3010";86,6666666666667;33,3333333333333;1;1;1;0;93,3333333333333;83,3333333333333;1;1;1;1;"NPD"
"AA";"AA3011";86,6666666666667;33,3333333333333;1;2;1;0;90;83,3333333333333;0;1;1;1;"NPD PHASE IN"
"AA";"AA3012";83,3333333333333;0;1;1;0;0;93,3333333333333;100;0;1;1;1;"NPD"
"AA";"AA3014";86,6666666666667;0;1;1;0;0;93,3333333333333;100;0;1;1;1;"NPD"
"AA";"AA3015";100;100;0;1;0;0;96,6666666666667;100;0;1;1;1;"DELISTED"
"AA";"AA3020";100;0;0;0;1;0;100;83,3333333333333;1;1;0;1;"IN & OUT"
"AA";"AA4000";53,3333333333333;100;2;3;0;0;83,3333333333333;100;0;1;1;1;"DELISTED"
"AA";"AA4002";56,6666666666667;100;1;1;0;0;93,3333333333333;100;1;1;1;1;"DELISTED"
"AA";"AA4005";53,3333333333333;0;1;0;0;0;96,6666666666667;100;1;1;1;1;"PHASE OUT"
"AA";"AA4008";73,3333333333333;0;1;1;0;0;93,3333333333333;100;0;1;1;1;"IN & OUT"
"AA";"AA4009";70;0;1;1;0;0;93,3333333333333;100;0;1;1;1;"NPD"
"AA";"AA4030";96,6666666666667;0;1;1;0;0;96,6666666666667;100;0;0;1;1;"NPD"
"AA";"AA4031";96,6666666666667;0;1;1;0;0;96,6666666666667;100;0;0;1;1;"NPD"
"AA";"AA4032";96,6666666666667;0;1;1;0;0;96,6666666666667;100;0;0;1;1;"NPD"
"AA";"AA5000";73,3333333333333;0;1;1;0;0;93,3333333333333;100;0;1;1;1;"NPD"
"AA";"AA5001";73,3333333333333;0;1;1;0;0;93,3333333333333;100;0;1;1;1;"NPD"
"BB";"BB0008";100;100;0;1;0;0;96,6666666666667;100;0;1;1;1;"DELISTED"
"BB";"BB0019";0;33,3333333333333;1;0;1;2;96,6666666666667;66,6666666666667;0;1;1;0;"REGULAR"
"BB";"BB0020";0;33,3333333333333;1;0;1;2;96,6666666666667;66,6666666666667;0;1;1;0;"REGULAR"
"BB";"BB0037";100;100;0;0;0;0;100;100;1;1;1;1;"DELISTED"
"BB";"BB0042";100;100;0;0;0;0;100;100;1;1;1;1;"DELISTED"
"BB";"BB0051";100;100;0;0;0;0;100;100;1;1;1;1;"IN & OUT"
"BB";"BB0052";100;100;0;0;0;0;100;100;1;1;1;1;"IN & OUT"
"BB";"BB0053";100;100;0;0;0;0;100;100;1;1;1;1;"IN & OUT"
"BB";"BB0058";0;0;1;0;0;0;96,6666666666667;100;0;1;1;1;"REGULAR"
"BB";"BB0067";90;100;0;1;0;0;96,6666666666667;100;1;1;1;1;"IN & OUT"
"BB";"BB0068";100;100;0;0;0;0;100;100;1;1;1;1;"IN & OUT"
"BB";"BB0069";80;100;2;2;0;0;86,6666666666667;100;0;1;1;1;"IN & OUT"
"BB";"BB0070";66,6666666666667;100;3;3;0;0;80;100;0;1;1;1;"IN & OUT"
"BB";"BB0073";100;100;0;0;0;0;100;100;1;1;1;1;"DELISTED"
"BB";"BB0090";100;100;0;0;0;0;100;100;1;1;1;1;"IN & OUT"
"BB";"BB0097";0;0;1;0;0;0;96,6666666666667;100;0;1;1;1;"REGULAR"
"BB";"BB0100";0;0;0;0;0;0;100;100;1;1;1;1;"REGULAR"
"BB";"BB0101";0;0;0;0;0;0;100;100;1;1;1;1;"REGULAR"
"BB";"BB0108";0;0;0;0;0;0;100;100;1;1;1;1;"REGULAR"
"BB";"BB0118";100;100;0;1;0;0;96,6666666666667;0;0;1;0;0;"DELISTED"
"BB";"BB0121";0;0;1;0;0;0;96,6666666666667;100;0;1;1;1;"REGULAR"
"BB";"BB0122";0;0;0;0;0;0;100;100;1;1;1;1;"REGULAR"
"BB";"BB0125";0;0;0;0;0;0;100;100;1;1;1;1;"REGULAR"
"BB";"BB0151";0;0;0;0;0;0;100;100;1;1;1;1;"REGULAR"
"BB";"BB0156";0;0;0;0;0;0;100;100;1;1;1;1;"REGULAR"
"BB";"BB0162";0;0;0;0;0;0;100;100;1;1;1;1;"REGULAR"
"BB";"BB0163";0;0;0;0;0;0;100;100;1;1;1;1;"REGULAR"
"BB";"BB0179";0;0;0;0;0;0;100;100;1;1;1;1;"REGULAR"
"BB";"BB0197";100;100;0;1;0;0;96,6666666666667;100;0;1;1;1;"DELISTED"
"BB";"BB0214";100;100;0;0;0;0;100;100;1;1;1;1;"DELISTED"
"BB";"BB0224";100;100;0;0;0;0;100;0;1;1;0;0;"DELISTED"
"BB";"BB0234";100;100;0;0;0;0;100;100;1;1;1;1;"IN & OUT"
"BB";"BB0235";100;100;0;0;0;0;100;100;1;1;1;1;"DELISTED"
"BB";"BB0244";0;0;1;0;0;0;96,6666666666667;100;0;1;1;1;"REGULAR"
"BB";"BB0247";0;0;0;0;0;0;100;100;1;1;1;1;"REGULAR"
"BB";"BB0290";100;100;0;1;0;0;96,6666666666667;100;0;1;1;1;"IN & OUT"
"BB";"BB0292";70;100;3;3;0;0;80;100;0;1;1;1;"IN & OUT"
"BB";"BB0293";100;100;0;0;0;0;100;100;1;1;1;1;"IN & OUT"
"BB";"BB0295";100;100;0;0;0;0;100;100;1;1;1;1;"IN & OUT"
"BB";"BB0296";100;100;0;0;0;0;100;100;1;1;1;1;"IN & OUT"
"BB";"BB0306";100;100;0;0;0;0;100;100;1;1;1;1;"DELISTED"
"BB";"BB0315";100;100;0;0;0;0;100;100;1;1;1;1;"IN & OUT"
"BB";"BB0318";100;100;0;0;0;0;100;100;1;1;1;1;"DELISTED"
"BB";"BB0324";0;0;1;0;0;0;96,6666666666667;100;0;1;1;1;"REGULAR"
"BB";"BB0325";0;0;0;0;0;0;100;100;1;1;1;1;"REGULAR"
"BB";"BB0332";0;50;0;0;0;1;100;83,3333333333333;1;1;1;1;"DELISTED"
"BB";"BB0335";100;100;0;0;0;0;100;100;1;1;1;1;"DELISTED"
"BB";"BB0343";100;100;0;0;0;0;100;0;1;1;0;0;"DELISTED"
"BB";"BB0353";100;100;0;0;0;0;100;100;1;1;1;1;"DELISTED"
"BB";"BB0356";0;0;1;0;0;0;96,6666666666667;100;0;1;1;1;"REGULAR"
"BB";"BB0359";100;100;0;1;0;0;96,6666666666667;100;0;1;1;1;"DELISTED"
"BB";"BB0362";0;0;1;0;0;0;96,6666666666667;100;0;1;1;1;"REGULAR"
"BB";"BB0363";0;0;0;0;0;0;100;100;1;1;1;1;"REGULAR"
"BB";"BB0364";0;0;0;0;0;0;100;100;1;1;1;1;"REGULAR"
"BB";"BB0370";100;100;0;1;0;0;96,6666666666667;100;0;1;1;1;"DELISTED"
"BB";"BB0380";66,6666666666667;100;3;3;0;0;80;100;0;1;1;1;"IN & OUT"
"BB";"BB0381";100;100;0;0;0;0;100;100;1;1;1;1;"IN & OUT"
"BB";"BB0383";100;100;0;0;0;0;100;100;1;1;1;1;"IN & OUT"
"BB";"BB0384";100;100;0;0;0;0;100;100;1;1;1;1;"IN & OUT"
"BB";"BB0386";76,6666666666667;100;2;2;0;0;86,6666666666667;100;0;1;1;1;"IN & OUT"
"BB";"BB0388";100;100;0;0;0;0;100;100;1;1;1;1;"IN & OUT"
"BB";"BB0391";90;100;1;1;0;0;93,3333333333333;100;0;1;1;1;"IN & OUT"
"BB";"BB0392";100;100;0;0;0;0;100;100;1;1;1;1;"IN & OUT"
"BB";"BB0408";100;100;0;0;0;0;100;100;1;1;1;1;"DELISTED"
"BB";"BB0409";100;100;0;0;0;0;100;100;1;1;1;1;"DELISTED"
"BB";"BB0420";100;100;0;0;0;0;100;100;1;1;1;1;"DELISTED"
"BB";"BB0426";100;100;0;0;0;0;100;100;1;1;1;1;"IN & OUT"
"BB";"BB0434";100;100;0;0;0;0;100;100;1;1;1;1;"DELISTED"
"BB";"BB0475";3,33333333333333;0;2;1;0;0;90;100;0;1;1;1;"REGULAR"
"BB";"BB0480";100;100;0;1;0;0;96,6666666666667;100;0;1;1;1;"DELISTED"
"BB";"BB0499";0;0;1;0;0;0;96,6666666666667;100;0;1;1;1;"REGULAR"
"BB";"BB0501";100;100;0;1;0;0;96,6666666666667;100;0;1;1;1;"DELISTED"
"BB";"BB0533";100;100;0;0;0;0;100;100;1;1;1;1;"DELISTED"
"BB";"BB0536";0;0;1;0;0;0;96,6666666666667;100;0;1;1;1;"REGULAR"
"BB";"BB0555";100;100;0;1;0;0;96,6666666666667;100;0;1;1;1;"IN & OUT"
"BB";"BB0557";100;100;0;0;0;0;100;100;1;1;1;1;"DELISTED"
"BB";"BB0560";100;100;0;0;0;0;100;100;1;1;1;1;"IN & OUT"
"BB";"BB0561";100;100;0;0;0;0;100;100;1;1;1;1;"IN & OUT"
"BB";"BB0562";100;100;0;0;0;0;100;100;1;1;1;1;"IN & OUT"
"BB";"BB0563";100;100;0;0;0;0;100;100;1;1;1;1;"IN & OUT"
"BB";"BB0564";100;100;0;0;0;0;100;100;1;1;1;1;"IN & OUT"
"BB";"BB0566";100;100;0;0;0;0;100;100;1;1;1;1;"IN & OUT"
"BB";"BB0567";100;100;0;0;0;0;100;100;1;1;1;1;"IN & OUT"
"BB";"BB0568";100;100;0;0;0;0;100;100;1;1;1;1;"IN & OUT"
"BB";"BB0571";26,6666666666667;0;3;2;0;0;83,3333333333333;100;0;1;1;1;"REGULAR"
"BB";"BB0574";100;100;0;1;0;0;96,6666666666667;100;0;1;1;1;"IN & OUT"
"BB";"BB0577";100;100;0;0;0;0;100;100;1;1;1;1;"IN & OUT"
"BB";"BB0582";100;100;0;0;0;0;100;100;1;1;1;1;"DELISTED"
"BB";"BB0583";100;100;0;0;0;0;100;100;1;1;1;1;"IN & OUT"
"BB";"BB0587";100;100;0;0;0;0;100;100;1;1;1;1;"DELISTED"
"BB";"BB0590";100;100;0;0;0;0;100;100;1;1;1;1;"IN & OUT"
"BB";"BB0592";100;100;0;0;0;0;100;100;1;1;1;1;"DELISTED"
"BB";"BB0597";100;100;0;0;0;0;100;100;1;1;1;1;"IN & OUT"
"BB";"BB0598";100;100;0;0;0;0;100;100;1;1;1;1;"IN & OUT"
"BB";"BB0610";100;100;0;0;0;0;100;100;1;1;1;1;"DELISTED"
"BB";"BB0630";100;100;0;0;0;0;100;100;1;1;1;1;"DELISTED"
"BB";"BB0634";100;100;0;0;0;0;100;100;1;1;1;1;"IN & OUT"
"BB";"BB0635";100;100;0;0;0;0;100;100;1;1;1;1;"IN & OUT"
"BB";"BB0636";100;100;0;0;0;0;100;100;1;1;1;1;"IN & OUT"
"BB";"BB0637";100;100;0;0;0;0;100;100;1;1;1;1;"IN & OUT"
"BB";"BB0638";100;100;0;0;0;0;100;100;1;1;1;1;"IN & OUT"
"BB";"BB0640";100;100;0;0;0;0;100;100;1;1;1;1;"IN & OUT"
"BB";"BB0641";100;100;0;0;0;0;100;100;1;1;1;1;"IN & OUT"
"BB";"BB0643";86,6666666666667;100;1;1;0;0;93,3333333333333;100;1;1;1;1;"IN & OUT"
"BB";"BB0645";66,6666666666667;100;3;3;0;0;80;100;0;1;1;1;"IN & OUT"
"BB";"BB0648";0;0;1;0;0;0;96,6666666666667;100;0;1;1;1;"REGULAR"
"BB";"BB0654";100;100;0;1;0;0;96,6666666666667;100;0;1;1;1;"IN & OUT"
"BB";"BB0655";100;100;0;0;0;0;100;100;1;1;1;1;"DELISTED"
"BB";"BB0657";0;50;1;0;2;2;96,6666666666667;50;0;1;0;0;"REGULAR"
"BB";"BB0658";100;100;0;1;0;0;96,6666666666667;100;0;1;1;1;"DELISTED"
"BB";"BB0663";100;100;0;0;0;0;100;100;1;1;1;1;"DELISTED"
"BB";"BB0682";100;100;0;0;0;0;100;100;1;1;1;1;"DELISTED"
"BB";"BB0683";56,6666666666667;100;2;2;0;0;86,6666666666667;100;0;1;1;1;"DELISTED"
"BB";"BB0689";100;100;0;0;0;0;100;0;1;1;0;0;"DELISTED"
"BB";"BB0691";100;100;0;0;0;0;100;0;1;1;0;0;"DELISTED"
"BB";"BB0700";6,66666666666667;0;3;2;0;0;83,3333333333333;100;0;1;1;1;"REGULAR"
"BB";"BB0715";100;100;0;1;0;0;96,6666666666667;100;0;1;1;1;"DELISTED"
"BB";"BB0724";0;0;1;0;0;0;96,6666666666667;100;0;1;1;1;"REGULAR"
"BB";"BB0725";3,33333333333333;50;1;1;1;2;93,3333333333333;50;1;1;0;1;"DELISTED"
"BB";"BB0726";46,6666666666667;100;2;2;0;0;86,6666666666667;100;0;1;1;1;"DELISTED"
"BB";"BB0727";100;100;0;0;0;0;100;100;1;1;1;1;"DELISTED"
"BB";"BB0729";3,33333333333333;16,6666666666667;2;1;1;1;90;66,6666666666667;0;1;0;1;"PHASE OUT"
"BB";"BB0740";100;100;0;1;0;0;96,6666666666667;100;0;1;1;1;"IN & OUT"
"BB";"BB0741";100;100;0;0;0;0;100;100;1;1;1;1;"IN & OUT"
"BB";"BB0744";100;100;0;0;0;0;100;100;1;1;1;1;"IN & OUT"
"BB";"BB0745";100;100;0;0;0;0;100;100;1;1;1;1;"IN & OUT"
"BB";"BB0746";100;100;0;0;0;0;100;100;1;1;1;1;"IN & OUT"
"BB";"BB0747";100;100;0;0;0;0;100;100;1;1;1;1;"IN & OUT"
"BB";"BB0748";100;100;0;0;0;0;100;100;1;1;1;1;"IN & OUT"
"BB";"BB0749";100;100;0;0;0;0;100;100;1;1;1;1;"IN & OUT"
"BB";"BB0751";83,3333333333333;100;2;2;0;0;86,6666666666667;100;1;1;1;1;"IN & OUT"
"BB";"BB0752";100;100;0;0;0;0;100;100;1;1;1;1;"IN & OUT"
"BB";"BB0753";100;100;0;0;0;0;100;100;1;1;1;1;"IN & OUT"
"BB";"BB0754";100;100;0;0;0;0;100;100;1;1;1;1;"IN & OUT"
"BB";"BB0755";100;100;0;0;0;0;100;100;1;1;1;1;"IN & OUT"
"BB";"BB0756";100;100;0;0;0;0;100;100;1;1;1;1;"IN & OUT"
"BB";"BB0758";76,6666666666667;100;2;2;0;0;86,6666666666667;100;0;1;1;1;"IN & OUT"
"BB";"BB0759";100;100;0;0;0;0;100;100;1;1;1;1;"IN & OUT"
"BB";"BB0760";100;100;0;0;0;0;100;100;1;1;1;1;"IN & OUT"
"BB";"BB0767";0;0;1;0;0;0;96,6666666666667;100;0;1;1;1;"REGULAR"
"BB";"BB0775";100;100;0;1;0;0;96,6666666666667;100;0;1;1;1;"IN & OUT"
"BB";"BB0813";100;100;0;0;0;0;100;0;1;1;0;0;"DELISTED"
"BB";"BB0814";0;0;1;0;0;0;96,6666666666667;100;0;1;1;1;"REGULAR"
"BB";"BB0821";100;100;0;1;0;0;96,6666666666667;100;0;1;1;1;"DELISTED"
"BB";"BB0860";0;0;1;0;0;0;96,6666666666667;100;0;1;1;1;"REGULAR"
"BB";"BB0865";0;0;0;0;0;0;100;100;1;1;1;1;"REGULAR"
"BB";"BB0886";0;0;0;0;0;0;100;100;1;1;1;1;"PHASE OUT"
"BB";"BB0889";0;0;0;0;0;0;100;100;1;1;1;1;"REGULAR"
"BB";"BB0901";100;100;0;1;0;0;96,6666666666667;100;0;1;1;1;"DELISTED"
"BB";"BB0905";0;0;1;0;0;0;96,6666666666667;100;0;1;1;1;"REGULAR"
"BB";"BB0910";100;100;0;1;0;0;96,6666666666667;100;0;1;1;1;"DELISTED"
"BB";"BB0914";0;0;1;0;0;0;96,6666666666667;100;0;1;1;1;"REGULAR"
"BB";"BB0918";100;100;0;1;0;0;96,6666666666667;100;0;1;1;1;"DELISTED"
"BB";"BB0925";100;100;0;0;0;0;100;100;1;1;1;1;"DELISTED"
"BB";"BB0941";100;100;0;0;0;0;100;100;1;1;1;1;"DELISTED"
"BB";"BB0945";100;100;0;0;0;0;100;100;1;1;1;1;"DELISTED"
"BB";"BB0955";100;100;0;0;0;0;100;100;1;1;1;1;"DELISTED"
"BB";"BB0958";100;100;0;0;0;0;100;100;1;1;1;1;"DELISTED"
"BB";"BB0959";100;100;0;0;0;0;100;100;1;1;1;1;"DELISTED"
"BB";"BB0960";100;100;0;0;0;0;100;100;1;1;1;1;"DELISTED"
"BB";"BB0977";3,33333333333333;0;2;1;0;0;90;100;0;1;1;1;"PHASE OUT"
"BB";"BB0983";100;100;0;1;0;0;96,6666666666667;100;0;1;1;1;"DELISTED"
"BB";"BB0988";100;100;0;0;0;0;100;100;1;1;1;1;"DELISTED"
"BB";"BB0990";0;0;1;0;0;0;96,6666666666667;100;0;1;1;1;"REGULAR"
"BB";"BB0996";100;100;0;1;0;0;96,6666666666667;100;0;1;1;1;"DELISTED"
"BB";"BB0997";100;100;0;0;0;0;100;100;1;1;1;1;"DELISTED"
"BB";"BB1023";100;100;0;0;0;0;100;100;1;1;1;1;"DELISTED"
"BB";"BB1028";100;100;0;0;0;0;100;100;1;1;1;1;"DELISTED"
"BB";"BB1030";3,33333333333333;33,3333333333333;2;1;2;2;90;50;0;1;0;0;"PHASE OUT"
"BB";"BB1043";100;100;0;1;0;0;96,6666666666667;100;0;1;1;1;"DELISTED"
"BB";"BB1049";100;100;0;0;0;0;100;100;1;1;1;1;"DELISTED"
"BB";"BB1074";100;100;0;0;0;0;100;100;1;1;1;1;"DELISTED"
"BB";"BB1085";100;100;0;0;0;0;100;100;1;1;1;1;"DELISTED"
"BB";"BB1086";100;100;0;0;0;0;100;100;1;1;1;1;"DELISTED"
"BB";"BB1095";100;100;0;0;0;0;100;100;1;1;1;1;"DELISTED"
"BB";"BB1096";100;100;0;0;0;0;100;100;1;1;1;1;"DELISTED"
"BB";"BB1102";100;100;0;0;0;0;100;100;1;1;1;1;"DELISTED"
"BB";"BB1108";100;100;0;0;0;0;100;100;1;1;1;1;"DELISTED"
"BB";"BB1109";100;100;0;0;0;0;100;100;1;1;1;1;"DELISTED"
"BB";"BB1111";100;100;0;0;0;0;100;100;1;1;1;1;"DELISTED"
"BB";"BB1116";100;100;0;0;0;0;100;100;1;1;1;1;"DELISTED"
"BB";"BB1126";0;0;1;0;0;0;96,6666666666667;100;0;1;1;1;"REGULAR"
"BB";"BB1127";0;0;0;0;0;0;100;100;1;1;1;1;"REGULAR"
"BB";"BB1132";0;0;0;0;0;0;100;100;1;1;1;1;"PHASE OUT"
"BB";"BB1141";100;100;0;1;0;0;96,6666666666667;100;0;1;1;1;"DELISTED"
"BB";"BB1144";100;100;0;0;0;0;100;100;1;1;1;1;"DELISTED"
"BB";"BB1154";100;100;0;0;0;0;100;100;1;1;1;1;"DELISTED"
"BB";"BB1162";100;100;0;0;0;0;100;100;1;1;1;1;"DELISTED"
"BB";"BB1164";100;100;0;0;0;0;100;100;1;1;1;1;"DELISTED"
"BB";"BB1181";100;100;0;0;0;0;100;100;1;1;1;1;"DELISTED"
"BB";"BB1189";100;100;0;0;0;0;100;0;1;1;0;0;"DELISTED"
"BB";"BB1202";100;100;0;0;0;0;100;100;1;1;1;1;"IN & OUT"
"BB";"BB1203";100;100;0;0;0;0;100;100;1;1;1;1;"IN & OUT"
"BB";"BB1211";100;100;0;0;0;0;100;100;1;1;1;1;"DELISTED"
"BB";"BB1226";100;100;0;0;0;0;100;100;1;1;1;1;"IN & OUT"
"BB";"BB1231";93,3333333333333;100;1;1;0;0;93,3333333333333;100;0;1;1;1;"DELISTED"
"BB";"BB1249";100;100;0;0;0;0;100;100;1;1;1;1;"DELISTED"
"BB";"BB1253";100;100;0;0;0;0;100;100;1;1;1;1;"DELISTED"
"BB";"BB1254";100;100;0;0;0;0;100;100;1;1;1;1;"DELISTED"
"BB";"BB1268";0;0;1;0;0;0;96,6666666666667;100;0;1;1;1;"REGULAR"
"BB";"BB1276";0;50;0;0;2;2;100;50;1;1;0;0;"PHASE OUT"
"BB";"BB1290";83,3333333333333;100;0;1;0;0;96,6666666666667;100;1;1;1;1;"DELISTED"
"BB";"BB1291";0;16,6666666666667;1;0;1;1;96,6666666666667;66,6666666666667;0;1;0;1;"PHASE OUT"
"BB";"BB1297";100;100;0;1;0;0;96,6666666666667;100;0;1;1;1;"DELISTED"
"BB";"BB1298";0;0;1;0;0;0;96,6666666666667;100;0;1;1;1;"REGULAR"
"BB";"BB1303";0;16,6666666666667;0;0;1;1;100;66,6666666666667;1;1;0;1;"PHASE OUT"
"BB";"BB1304";0;16,6666666666667;0;0;1;1;100;66,6666666666667;1;1;0;1;"PHASE OUT"
"BB";"BB1305";0;0;0;0;0;0;100;100;1;1;1;1;"PHASE OUT"
"BB";"BB1308";6,66666666666667;16,6666666666667;2;2;1;1;90;66,6666666666667;1;0;0;1;"IN & OUT"
"BB";"BB1310";3,33333333333333;0;1;1;0;0;93,3333333333333;100;1;1;1;1;"PHASE OUT"
"BB";"BB1318";0;0;0;0;0;0;100;100;1;1;1;1;"REGULAR"
"BB";"BB1338";100;100;0;1;0;0;96,6666666666667;100;0;1;1;1;"DELISTED"
"BB";"BB1355";83,3333333333333;100;4;4;0;0;73,3333333333333;100;0;1;1;1;"DELISTED"
"BB";"BB1365";6,66666666666667;16,6666666666667;1;0;1;1;96,6666666666667;66,6666666666667;1;1;0;1;"PHASE OUT"
"BB";"BB1370";93,3333333333333;100;0;1;0;0;96,6666666666667;100;1;1;1;1;"IN & OUT"
"BB";"BB1371";93,3333333333333;100;1;1;0;0;93,3333333333333;100;0;1;1;1;"IN & OUT"
"BB";"BB1373";83,3333333333333;100;2;2;0;0;86,6666666666667;100;0;1;1;1;"IN & OUT"
"BB";"BB1374";6,66666666666667;0;1;0;0;0;96,6666666666667;100;1;1;1;1;"PHASE OUT"
"BB";"BB1375";6,66666666666667;16,6666666666667;1;1;1;1;93,3333333333333;66,6666666666667;0;1;1;1;"PHASE OUT"
"BB";"BB1376";66,6666666666667;100;2;3;0;0;83,3333333333333;100;1;1;1;1;"IN & OUT"
"BB";"BB1379";6,66666666666667;0;1;0;0;0;96,6666666666667;100;1;1;1;1;"REGULAR"
"BB";"BB1388";90;100;0;1;0;0;96,6666666666667;100;1;1;1;1;"IN & OUT"
"BB";"BB1389";90;100;1;1;0;0;93,3333333333333;100;0;1;1;1;"IN & OUT"
"BB";"BB1390";70;100;3;3;0;0;80;100;0;1;1;1;"IN & OUT"
"BB";"BB1391";66,6666666666667;100;3;3;0;0;80;100;0;1;1;1;"IN & OUT"
"BB";"BB1392";3,33333333333333;0;1;0;0;0;96,6666666666667;100;1;1;1;1;"REGULAR"
"BB";"BB1411";20;0;1;1;0;0;93,3333333333333;100;0;1;1;1;"REGULAR"
"BB";"BB1412";20;0;1;1;0;0;93,3333333333333;100;0;1;1;1;"REGULAR"
"BB";"BB1421";26,6666666666667;0;1;1;0;0;93,3333333333333;100;0;1;1;1;"REGULAR"
"BB";"BB1439";80;100;2;3;0;0;83,3333333333333;100;0;1;1;1;"IN & OUT"
"BB";"BB1440";90;100;1;1;0;0;93,3333333333333;100;1;1;1;1;"IN & OUT"
"BB";"BB1442";76,6666666666667;100;2;2;0;0;86,6666666666667;100;1;1;1;1;"IN & OUT"
"BB";"BB1443";90;100;1;1;0;0;93,3333333333333;100;1;1;1;1;"IN & OUT"
"BB";"BB1444";53,3333333333333;33,3333333333333;1;1;1;1;93,3333333333333;83,3333333333333;1;1;1;0;"DELISTED"
"BB";"BB1446";90;100;1;1;0;0;93,3333333333333;100;1;1;1;1;"IN & OUT"
"BB";"BB1447";90;100;1;1;0;0;93,3333333333333;100;1;1;1;1;"IN & OUT"
"BB";"BB1448";76,6666666666667;100;2;2;0;0;86,6666666666667;100;1;1;1;1;"IN & OUT"
"BB";"BB1449";90;100;1;1;0;0;93,3333333333333;100;1;1;1;1;"IN & OUT"
"BB";"BB1450";80;100;2;2;0;0;86,6666666666667;100;1;1;1;1;"IN & OUT"
"BB";"BB1451";90;100;1;1;0;0;93,3333333333333;100;1;1;1;1;"IN & OUT"
"BB";"BB1454";90;100;1;1;0;0;93,3333333333333;100;1;1;1;1;"IN & OUT"
"BB";"BB1460";60;0;1;0;0;0;96,6666666666667;100;1;1;1;1;"REGULAR"
"BB";"BB1465";50;0;1;1;0;0;93,3333333333333;100;0;1;1;1;"REGULAR"
"BB";"BB1472";86,6666666666667;83,3333333333333;1;2;1;0;93,3333333333333;100;0;0;1;0;"NPD PHASE IN"
"BB";"BB1481";73,3333333333333;0;1;1;0;0;93,3333333333333;100;0;1;1;1;"REGULAR"
"BB";"BB1485";60;0;1;1;0;0;93,3333333333333;100;0;1;1;1;"PHASE OUT"
"BB";"BB1496";0;33,3333333333333;0;0;0;1;100;83,3333333333333;1;1;1;1;"PHASE OUT"
"BB";"BB1497";0;0;1;0;0;0;96,6666666666667;100;0;1;1;1;"PHASE OUT"
"BB";"BB1498";0;33,3333333333333;0;0;0;1;100;83,3333333333333;1;1;1;1;"PHASE OUT"
"BB";"BB1500";76,6666666666667;0;1;0;0;0;96,6666666666667;100;1;1;1;1;"REGULAR"
"BB";"BB1502";83,3333333333333;0;2;2;0;0;90;100;0;0;1;1;"NPD"
"BB";"BB1504";90;100;1;2;0;0;90;100;0;1;1;1;"IN & OUT"
"BB";"BB1505";90;100;1;1;0;0;93,3333333333333;100;1;1;1;1;"IN & OUT"
"BB";"BB1506";90;100;1;1;0;0;93,3333333333333;100;1;1;1;1;"IN & OUT"
"BB";"BB1507";100;100;0;0;0;0;100;100;1;1;1;1;"DELISTED"
"BB";"BB1517";76,6666666666667;50;1;0;0;1;96,6666666666667;83,3333333333333;1;1;1;1;"PHASE OUT"
"BB";"BB1520";80;16,6666666666667;1;0;1;1;96,6666666666667;83,3333333333333;1;1;1;0;"NPD"
"BB";"BB1529";100;16,6666666666667;0;1;1;0;96,6666666666667;83,3333333333333;0;1;1;1;"NPD"
"BB";"BB1530";100;16,6666666666667;0;1;1;0;96,6666666666667;83,3333333333333;0;1;1;1;"NPD"
"BB";"BB1531";100;83,3333333333333;0;1;1;1;96,6666666666667;66,6666666666667;0;1;1;1;"DELISTED"
"BB";"BB1546";100;33,3333333333333;0;0;1;0;100;83,3333333333333;1;1;1;1;"NPD"
"BB";"BB1547";100;33,3333333333333;0;1;1;0;96,6666666666667;83,3333333333333;0;1;1;1;"NPD"
"BB";"BB1552";90;0;1;1;0;0;93,3333333333333;100;0;1;1;1;"NPD"
"BB";"BB1557";100;16,6666666666667;0;1;1;0;96,6666666666667;83,3333333333333;0;1;1;1;"NPD"
"BB";"BB1559";100;16,6666666666667;0;1;1;0;96,6666666666667;83,3333333333333;0;1;1;1;"NPD"
"BB";"BB1560";100;16,6666666666667;0;1;1;0;96,6666666666667;83,3333333333333;0;1;1;1;"NPD"
"BB";"BB1561";100;16,6666666666667;0;1;1;0;96,6666666666667;83,3333333333333;0;1;1;1;"NPD"
"BB";"BB1566";96,6666666666667;0;1;1;0;0;96,6666666666667;100;0;0;1;1;"NPD"
"BB";"BB1574";100;33,3333333333333;0;1;1;1;96,6666666666667;66,6666666666667;0;1;0;1;"DELISTED"
"BB";"BB1669";100;16,6666666666667;0;0;1;0;100;83,3333333333333;1;1;1;1;"NPD"
"BB";"BB1671";96,6666666666667;0;1;1;0;0;96,6666666666667;100;0;0;1;1;"NPD"
"BB";"BB1679";100;16,6666666666667;0;1;1;0;96,6666666666667;83,3333333333333;0;1;1;1;"NPD"
"BB";"BB1688";100;100;0;1;0;0;96,6666666666667;100;0;1;1;1;"IN & OUT"
"BB";"BB1689";100;100;0;0;0;0;100;100;1;1;1;1;"IN & OUT"
"BB";"BB1693";43,3333333333333;66,6666666666667;6;6;1;1;60;66,6666666666667;0;1;0;1;"IN & OUT"
"BB";"BB1696";96,6666666666667;0;1;0;0;0;100;100;1;0;1;1;"NPD"
"BB";"BB1697";63,3333333333333;66,6666666666667;1;2;1;1;93,3333333333333;66,6666666666667;0;0;0;1;"DELISTED"
"BB";"BB1723";100;100;0;0;0;0;100;100;1;1;1;1;"NPD PHASE IN"
"CC";"CC0007";100;100;0;0;0;0;100;100;1;1;1;1;"DELISTED"
"CC";"CC0008";0;0;1;0;0;0;96,6666666666667;100;0;1;1;1;"REGULAR"
"CC";"CC0013";0;0;0;0;0;0;100;100;1;1;1;1;"REGULAR"
"CC";"CC0017";100;100;0;1;0;0;96,6666666666667;100;0;1;1;1;"DELISTED"
"CC";"CC0023";3,33333333333333;0;2;1;0;0;90;100;0;1;1;1;"REGULAR"
"CC";"CC0024";6,66666666666667;0;2;2;0;0;86,6666666666667;100;1;1;1;1;"REGULAR"
"CC";"CC0025";0;0;0;0;0;0;100;100;1;1;1;1;"REGULAR"
"CC";"CC0037";10;0;2;2;0;0;86,6666666666667;100;1;1;1;1;"REGULAR"
"CC";"CC0046";0;0;0;0;0;0;100;100;1;1;1;1;"REGULAR"
"CC";"CC0047";0;0;0;0;0;0;100;100;1;1;1;1;"REGULAR"
"CC";"CC0050";76,6666666666667;83,3333333333333;3;3;0;1;80;83,3333333333333;0;1;1;1;"IN & OUT"
"CC";"CC0053";100;100;0;0;0;0;100;100;1;1;1;1;"DELISTED"
"CC";"CC0056";6,66666666666667;0;2;1;0;0;90;100;0;1;1;1;"REGULAR"
"CC";"CC0072";43,3333333333333;100;1;2;0;0;90;100;1;1;1;1;"DELISTED"
"CC";"CC0075";0;0;1;0;0;0;96,6666666666667;100;0;1;1;1;"REGULAR"
"CC";"CC0077";93,3333333333333;100;0;1;0;0;96,6666666666667;100;1;1;1;1;"DELISTED"
"CC";"CC0084";100;100;0;0;0;0;100;100;1;1;1;1;"DELISTED"
"CC";"CC0088";0;0;1;0;0;0;96,6666666666667;100;0;1;1;1;"REGULAR"
"CC";"CC0089";0;0;0;0;0;0;100;100;1;1;1;1;"REGULAR"
"CC";"CC0091";0;0;0;0;0;0;100;100;1;1;1;1;"REGULAR"
"CC";"CC0092";0;0;0;0;0;0;100;100;1;1;1;1;"REGULAR"
"CC";"CC0106";100;100;0;1;0;0;96,6666666666667;100;0;1;1;1;"DELISTED"
"CC";"CC0108";100;100;0;0;0;0;100;100;1;1;1;1;"DELISTED"
"CC";"CC0111";0;0;1;0;0;0;96,6666666666667;100;0;1;1;1;"REGULAR"
"CC";"CC0116";100;100;0;1;0;0;96,6666666666667;100;0;1;1;1;"DELISTED"
"CC";"CC0118";100;100;0;0;0;0;100;100;1;1;1;1;"DELISTED"
"CC";"CC0121";0;0;1;0;0;0;96,6666666666667;100;0;1;1;1;"REGULAR"
"CC";"CC0123";0;0;0;0;0;0;100;100;1;1;1;1;"REGULAR"
"CC";"CC0125";100;100;0;1;0;0;96,6666666666667;100;0;1;1;1;"DELISTED"
"CC";"CC0129";0;0;1;0;0;0;96,6666666666667;100;0;1;1;1;"REGULAR"
"CC";"CC0135";0;0;0;0;0;0;100;100;1;1;1;1;"REGULAR"
"CC";"CC0142";0;0;0;0;0;0;100;100;1;1;1;1;"REGULAR"
"CC";"CC0144";0;0;0;0;0;0;100;100;1;1;1;1;"REGULAR"
"CC";"CC0146";0;0;0;0;0;0;100;100;1;1;1;1;"REGULAR"
"CC";"CC0154";100;100;0;1;0;0;96,6666666666667;100;0;1;1;1;"DELISTED"
"CC";"CC0156";0;0;1;0;0;0;96,6666666666667;100;0;1;1;1;"REGULAR"
"CC";"CC0159";0;0;0;0;0;0;100;100;1;1;1;1;"REGULAR"
"CC";"CC0161";3,33333333333333;0;1;1;0;0;93,3333333333333;100;1;1;1;1;"REGULAR"
"CC";"CC0165";100;100;0;1;0;0;96,6666666666667;100;0;1;1;1;"DELISTED"
"CC";"CC0177";0;0;1;0;0;0;96,6666666666667;100;0;1;1;1;"REGULAR"
"CC";"CC0180";0;0;0;0;0;0;100;100;1;1;1;1;"REGULAR"
"CC";"CC0181";0;0;0;0;0;0;100;100;1;1;1;1;"REGULAR"
"CC";"CC0183";46,6666666666667;100;0;1;0;0;96,6666666666667;100;1;1;1;1;"DELISTED"
"CC";"CC0202";0;0;1;0;0;0;96,6666666666667;100;0;1;1;1;"REGULAR"
"CC";"CC0205";100;100;0;1;0;0;96,6666666666667;100;0;1;1;1;"DELISTED"
"CC";"CC0207";3,33333333333333;0;1;1;1;0;96,6666666666667;83,3333333333333;0;0;0;1;"REGULAR"
"CC";"CC0210";0;0;0;0;0;0;100;100;1;1;1;1;"REGULAR"
"CC";"CC0212";20;100;0;1;0;0;96,6666666666667;100;1;1;1;1;"DELISTED"
"CC";"CC0220";100;100;0;0;0;0;100;100;1;1;1;1;"DELISTED"
"CC";"CC0222";0;0;1;0;0;0;96,6666666666667;100;0;1;1;1;"REGULAR"
"CC";"CC0226";100;100;0;1;0;0;96,6666666666667;100;0;1;1;1;"DELISTED"
"CC";"CC0234";93,3333333333333;100;1;1;0;0;93,3333333333333;100;1;1;1;1;"DELISTED"
"CC";"CC0237";100;100;0;0;0;0;100;100;1;1;1;1;"DELISTED"
"CC";"CC0243";0;0;1;0;0;0;96,6666666666667;100;0;1;1;1;"REGULAR"
"CC";"CC0247";6,66666666666667;0;2;2;0;0;86,6666666666667;100;1;1;1;1;"REGULAR"
"CC";"CC0252";16,6666666666667;100;1;2;0;0;90;100;1;1;1;1;"DELISTED"
"CC";"CC0256";100;100;0;0;0;0;100;100;1;1;1;1;"DELISTED"
"CC";"CC0277";93,3333333333333;100;1;1;0;0;93,3333333333333;100;0;1;1;1;"DELISTED"
"CC";"CC0286";3,33333333333333;0;2;1;0;0;90;100;0;1;1;1;"REGULAR"
"CC";"CC0288";76,6666666666667;100;0;1;0;0;96,6666666666667;100;1;1;1;1;"DELISTED"
"CC";"CC0294";93,3333333333333;100;1;1;0;0;93,3333333333333;100;0;1;1;1;"IN & OUT"
"CC";"CC0300";0;0;1;0;0;0;96,6666666666667;100;0;1;1;1;"REGULAR"
"CC";"CC0303";6,66666666666667;0;1;1;0;0;93,3333333333333;100;0;1;1;1;"REGULAR"
"CC";"CC0305";73,3333333333333;100;2;3;0;0;83,3333333333333;100;0;1;1;1;"DELISTED"
"CC";"CC0308";13,3333333333333;0;1;0;0;0;96,6666666666667;100;1;1;1;1;"REGULAR"
"CC";"CC0401";63,3333333333333;83,3333333333333;1;2;1;1;90;66,6666666666667;0;1;0;1;"IN & OUT"
"CC";"CC0411";36,6666666666667;16,6666666666667;1;0;0;1;96,6666666666667;100;1;1;1;0;"PHASE OUT"
"CC";"CC0419";96,6666666666667;83,3333333333333;1;0;0;1;100;83,3333333333333;1;0;1;1;"NPD PHASE IN"
"CC";"CC0420";86,6666666666667;83,3333333333333;2;1;0;1;93,3333333333333;83,3333333333333;1;0;1;1;"IN & OUT"
"CC";"CC0421";73,3333333333333;0;1;0;0;0;96,6666666666667;100;1;1;1;1;"NPD"
"CC";"CC0423";63,3333333333333;0;1;1;0;0;93,3333333333333;100;0;1;1;1;"NPD"
"CC";"CC0426";76,6666666666667;0;1;1;0;0;93,3333333333333;100;0;1;1;1;"NPD"
"CC";"CC0430";76,6666666666667;0;1;1;0;0;93,3333333333333;100;0;1;1;1;"NPD"
"CC";"CC0434";73,3333333333333;0;1;1;0;0;93,3333333333333;100;0;1;1;1;"NPD"
"CC";"CC0438";100;50;0;1;1;0;96,6666666666667;83,3333333333333;0;1;1;1;"NPD PHASE IN"
"CC";"CC0439";83,3333333333333;0;1;1;0;0;93,3333333333333;100;0;1;1;1;"NPD"
"CC";"CC0444";76,6666666666667;100;1;2;0;0;90;100;0;1;1;1;"DELISTED"
"CC";"CC0454";90;0;1;0;0;0;96,6666666666667;100;1;1;1;1;"NPD"
"CC";"CC0455";90;0;1;1;0;0;93,3333333333333;100;0;1;1;1;"NPD"
"CC";"CC0456";100;83,3333333333333;0;1;1;1;96,6666666666667;66,6666666666667;0;1;0;1;"NPD PHASE IN"
"CC";"CC0458";93,3333333333333;0;1;0;0;0;96,6666666666667;100;1;1;1;1;"NPD"
"CC";"CC0460";93,3333333333333;0;1;1;0;0;93,3333333333333;100;0;1;1;1;"NPD"
"CC";"CC0462";80;100;1;1;0;1;93,3333333333333;83,3333333333333;0;1;0;1;"IN & OUT"
"CC";"CC0463";93,3333333333333;83,3333333333333;1;1;1;0;93,3333333333333;100;1;1;1;0;"IN & OUT"
"CC";"CC0465";100;0;0;1;1;0;96,6666666666667;83,3333333333333;0;1;0;1;"IN & OUT"
"CC";"CC0466";80;100;2;3;0;0;83,3333333333333;100;0;1;1;1;"DELISTED"
"CC";"CC0469";100;50;0;0;1;0;100;83,3333333333333;1;1;1;1;"NPD PHASE IN"
"CC";"CC0470";100;100;0;1;0;0;96,6666666666667;100;0;1;1;1;"DELISTED"
"DD";"DD0007";100;100;0;0;0;0;100;0;1;1;0;0;"DELISTED"
"DD";"DD0015";100;100;0;0;0;0;100;100;1;1;1;1;"DELISTED"
"DD";"DD0016";0;0;1;0;0;0;96,6666666666667;100;0;1;1;1;"REGULAR"
"DD";"DD0017";0;0;0;0;0;0;100;100;1;1;1;1;"REGULAR"
"DD";"DD0025";0;0;0;0;0;0;100;100;1;1;1;1;"REGULAR"
"DD";"DD0027";0;0;0;0;0;0;100;100;1;1;1;1;"REGULAR"
"DD";"DD0036";100;100;0;1;0;0;96,6666666666667;100;0;1;1;1;"DELISTED"
"DD";"DD0047";0;0;1;0;0;0;96,6666666666667;100;0;1;1;1;"REGULAR"
"DD";"DD0048";0;0;0;0;0;0;100;100;1;1;1;1;"REGULAR"
"DD";"DD0050";0;0;0;0;0;0;100;100;1;1;1;1;"REGULAR"
"DD";"DD0052";0;0;0;0;0;0;100;100;1;1;1;1;"REGULAR"
"DD";"DD0053";0;0;0;0;0;0;100;100;1;1;1;1;"REGULAR"
"DD";"DD0056";0;0;0;0;0;0;100;100;1;1;1;1;"REGULAR"
"DD";"DD0057";0;0;0;0;0;0;100;100;1;1;1;1;"REGULAR"
"DD";"DD0062";0;0;0;0;0;0;100;100;1;1;1;1;"REGULAR"
"DD";"DD0063";36,6666666666667;100;3;3;0;1;83,3333333333333;83,3333333333333;1;0;0;1;"DELISTED"
"DD";"DD0066";0;0;1;0;0;0;96,6666666666667;100;0;1;1;1;"REGULAR"
"DD";"DD0084";0;0;0;0;0;0;100;100;1;1;1;1;"REGULAR"
"DD";"DD0089";100;100;0;1;0;0;96,6666666666667;100;0;1;1;1;"DELISTED"
"DD";"DD0098";100;100;0;0;0;0;100;100;1;1;1;1;"DELISTED"
"DD";"DD0108";0;0;1;0;0;0;96,6666666666667;100;0;1;1;1;"REGULAR"
"DD";"DD0109";0;0;0;0;0;0;100;100;1;1;1;1;"REGULAR"
"DD";"DD0110";0;0;0;0;0;0;100;100;1;1;1;1;"REGULAR"
"DD";"DD0114";0;0;0;0;0;0;100;100;1;1;1;1;"REGULAR"
"DD";"DD0117";100;100;0;1;0;0;96,6666666666667;100;0;1;1;1;"DELISTED"
"DD";"DD0118";0;0;1;0;0;0;96,6666666666667;100;0;1;1;1;"REGULAR"
"DD";"DD0119";0;0;0;0;0;0;100;100;1;1;1;1;"REGULAR"
"DD";"DD0121";56,6666666666667;100;6;7;0;0;60;100;0;0;1;1;"DELISTED"
"DD";"DD0132";0;0;1;0;0;0;96,6666666666667;100;0;1;1;1;"REGULAR"
"DD";"DD0150";0;100;0;0;0;1;100;83,3333333333333;1;1;0;1;"DELISTED"
"DD";"DD0162";0;0;1;0;0;0;96,6666666666667;100;0;1;1;1;"REGULAR"
"DD";"DD0164";100;100;0;1;0;0;96,6666666666667;100;0;1;1;1;"DELISTED"
"DD";"DD0165";100;100;0;0;0;0;100;100;1;1;1;1;"DELISTED"
"DD";"DD0166";0;0;1;0;0;0;96,6666666666667;100;0;1;1;1;"REGULAR"
"DD";"DD0175";3,33333333333333;100;1;1;0;1;93,3333333333333;83,3333333333333;1;1;0;1;"REGULAR"
"DD";"DD0178";0;0;1;0;0;0;96,6666666666667;100;0;1;1;1;"REGULAR"
"DD";"DD0193";100;100;0;1;0;0;96,6666666666667;100;0;1;1;1;"DELISTED"
"DD";"DD0202";0;0;1;0;0;0;96,6666666666667;100;0;1;1;1;"REGULAR"
"DD";"DD0203";0;0;0;0;0;0;100;100;1;1;1;1;"REGULAR"
"DD";"DD0213";0;0;0;0;0;0;100;100;1;1;1;1;"REGULAR"
"DD";"DD0250";100;100;0;1;0;0;96,6666666666667;0;0;1;0;0;"DELISTED"
"DD";"DD0252";23,3333333333333;100;1;1;0;0;93,3333333333333;100;0;1;1;1;"DELISTED"
"DD";"DD0261";0;0;1;0;0;0;96,6666666666667;100;0;1;1;1;"REGULAR"
"DD";"DD0276";10;66,6666666666667;1;1;0;1;93,3333333333333;83,3333333333333;0;1;1;1;"REGULAR"
"DD";"DD0287";0;0;1;0;0;0;96,6666666666667;100;0;1;1;1;"REGULAR"
"DD";"DD0291";100;100;0;1;0;0;96,6666666666667;100;0;1;1;1;"DELISTED"
"DD";"DD0292";3,33333333333333;0;2;1;0;0;90;100;0;1;1;1;"REGULAR"
"DD";"DD0293";0;0;0;0;0;0;100;100;1;1;1;1;"REGULAR"
"DD";"DD0296";70;100;2;3;0;0;83,3333333333333;100;1;1;1;1;"DELISTED"
"DD";"DD0301";100;100;0;0;0;0;100;100;1;1;1;1;"DELISTED"
"DD";"DD0303";100;100;0;0;0;0;100;100;1;1;1;1;"DELISTED"
"DD";"DD0305";100;100;0;0;0;0;100;100;1;1;1;1;"DELISTED"
"DD";"DD0307";100;100;0;0;0;0;100;100;1;1;1;1;"DELISTED"
"DD";"DD0318";0;0;1;0;0;0;96,6666666666667;100;0;1;1;1;"REGULAR"
"DD";"DD0325";80;100;5;6;0;0;63,3333333333333;100;0;1;1;1;"DELISTED"
"DD";"DD0345";3,33333333333333;100;1;1;0;0;96,6666666666667;100;0;0;1;1;"IN & OUT"
"DD";"DD0348";100;100;0;0;0;0;100;100;1;1;1;1;"DELISTED"
"DD";"DD0354";0;16,6666666666667;1;0;0;1;96,6666666666667;100;0;1;1;0;"REGULAR"
"DD";"DD0372";100;100;0;0;0;0;100;100;1;1;1;1;"DELISTED"
"DD";"DD0376";50;83,3333333333333;5;5;1;1;66,6666666666667;66,6666666666667;0;1;1;1;"IN & OUT"
"DD";"DD0381";63,3333333333333;83,3333333333333;3;3;1;1;80;66,6666666666667;0;1;1;1;"IN & OUT"
"DD";"DD0383";40;83,3333333333333;5;5;1;1;66,6666666666667;66,6666666666667;0;1;1;1;"IN & OUT"
"DD";"DD0390";40;83,3333333333333;5;5;1;1;66,6666666666667;66,6666666666667;0;1;1;1;"IN & OUT"
"DD";"DD0426";100;100;0;0;0;0;100;100;1;1;1;1;"DELISTED"
"DD";"DD0434";100;100;0;0;0;0;100;100;1;1;1;1;"DELISTED"
"DD";"DD0444";6,66666666666667;100;2;1;0;1;90;83,3333333333333;0;1;0;1;"IN & OUT"
"DD";"DD0459";0;0;1;0;0;0;96,6666666666667;100;0;1;1;1;"REGULAR"
"DD";"DD0460";56,6666666666667;100;6;7;0;0;56,6666666666667;100;1;1;1;1;"DELISTED"
"DD";"DD0482";0;0;1;0;0;0;96,6666666666667;100;0;1;1;1;"REGULAR"
"DD";"DD0512";70;100;1;2;0;0;90;100;0;1;1;1;"DELISTED"
"DD";"DD0516";50;100;2;1;0;1;90;83,3333333333333;1;1;0;1;"DELISTED"
"DD";"DD0542";70;0;1;0;0;0;96,6666666666667;100;1;1;1;1;"NPD"
"DD";"DD0543";66,6666666666667;0;1;1;0;0;93,3333333333333;100;0;1;1;1;"NPD"
"DD";"DD0550";66,6666666666667;0;1;1;0;0;93,3333333333333;100;0;1;1;1;"NPD"
"DD";"DD0551";76,6666666666667;83,3333333333333;2;2;0;1;86,6666666666667;83,3333333333333;0;1;1;1;"IN & OUT"
"DD";"DD0559";73,3333333333333;0;1;0;0;0;96,6666666666667;100;1;1;1;1;"NPD"
"DD";"DD0563";60;0;1;1;0;0;93,3333333333333;100;0;1;1;1;"NPD"
"DD";"DD0564";60;0;1;1;0;0;93,3333333333333;100;0;1;1;1;"NPD"
"DD";"DD0565";60;0;1;1;0;0;93,3333333333333;100;0;1;1;1;"NPD"
"DD";"DD0570";80;83,3333333333333;2;3;1;1;83,3333333333333;66,6666666666667;0;1;1;1;"IN & OUT"
"DD";"DD0571";80;83,3333333333333;2;2;1;1;86,6666666666667;66,6666666666667;1;1;1;1;"IN & OUT"
"DD";"DD0573";66,6666666666667;0;1;0;0;0;96,6666666666667;100;1;1;1;1;"NPD"
"DD";"DD0582";86,6666666666667;0;1;1;0;0;93,3333333333333;100;0;1;1;1;"NPD"
"DD";"DD0584";76,6666666666667;100;1;2;0;0;90;100;0;1;1;1;"DELISTED"
"DD";"DD0592";90;0;1;0;0;0;96,6666666666667;100;1;1;1;1;"NPD"
"DD";"DD0594";96,6666666666667;83,3333333333333;1;1;0;1;96,6666666666667;83,3333333333333;0;0;1;1;"IN & OUT"
"DD";"DD0595";83,3333333333333;100;1;0;0;1;96,6666666666667;83,3333333333333;1;1;0;1;"IN & OUT"
"DD";"DD0596";86,6666666666667;0;1;0;0;0;96,6666666666667;100;1;1;1;1;"NPD"
"DD";"DD0597";96,6666666666667;0;1;1;0;0;96,6666666666667;100;0;0;1;1;"NPD"
"DD";"DD0598";90;0;1;1;0;0;93,3333333333333;100;0;1;1;1;"NPD PHASE IN"
"DD";"DD0607";100;33,3333333333333;0;1;1;0;96,6666666666667;83,3333333333333;0;1;1;1;"NPD PHASE IN"
"DD";"DD0609";100;100;0;1;0;0;96,6666666666667;100;0;1;1;1;"NPD PHASE IN"
"DD";"DD0610";100;100;0;0;0;0;100;100;1;1;1;1;"NPD PHASE IN"
"NE";"NEW10";100;100;0;0;0;0;100;0;1;1;0;0;"IN & OUT"
"NE";"NEW11";100;100;0;0;0;0;100;0;1;1;0;0;"IN & OUT"
"NE";"NEW12";100;100;0;0;0;0;100;0;1;1;0;0;"IN & OUT"
"NE";"NEW13";100;100;0;0;0;0;100;0;1;1;0;0;"IN & OUT"
"NE";"NEW14";100;100;0;0;0;0;100;0;1;1;0;0;"IN & OUT"
"NE";"NEW15";100;100;0;0;0;0;100;0;1;1;0;0;"IN & OUT"
"NE";"NEW17";100;100;0;0;0;0;100;0;1;1;0;0;"IN & OUT"
"NE";"NEW2";100;100;0;0;0;0;100;0;1;1;0;0;"DELISTED"
"NE";"NEW3";100;100;0;0;0;0;100;0;1;1;0;0;"DELISTED"
"NE";"NEW6";100;100;0;0;0;0;100;0;1;1;0;0;"DELISTED"
"NE";"NEW7";100;100;0;0;0;0;100;0;1;1;0;0;"DELISTED"
"NE";"NEW8";100;100;0;0;0;0;100;0;1;1;0;0;"IN & OUT"
"NE";"NEW9";100;100;0;0;0;0;100;0;1;1;0;0;"IN & OUT"
